MAE,MSE
0.001071603646924576,5.580774091729465e-06
