MAE,MSE
0.009284217214192142,0.00012605803599592276
