MAE,MSE
0.0048312011587897516,4.7556477953942154e-05
