MAE,MSE
0.0005951607675876668,9.979877990742894e-07
